band,channel,mean_erd_ers,std_erd_ers,t_statistic,p_value,effect_size,significant
theta,EEG P3,23.648939082400137,25.905529896911816,5.477349240067692,3.7752415462992e-06,0.9258410029754435,True
theta,EEG P4,25.855940302485912,31.233565678096824,4.966952650036609,1.7726180067285446e-05,0.8395682330427041,True
theta,EEG Pz,24.064790555975506,33.36132545535601,4.328027779623849,0.0001196706704751047,0.731570218506462,True
theta,EEG Fz,-5.832178048351093,46.753342774286935,-0.7484613123610018,0.4591823134510722,-0.12651305252831796,False
alpha,EEG P3,33.57049367434514,57.198105648560635,3.5214970804044374,0.0012142273392898334,0.5952416481035719,True
alpha,EEG P4,29.417695305841157,67.17674212521189,2.6274893103040635,0.012682266943638066,0.444126753971435,True
alpha,EEG Pz,32.702918961781016,67.82608204598195,2.892950732988861,0.006524161008361464,0.4889979241411033,True
alpha,EEG Fz,21.760904544932323,43.36730786533872,3.0106878590438915,0.004812964539126899,0.5088991307460866,True
