band,channel,mean_erd_ers,std_erd_ers,t_statistic,p_value,effect_size,significant
theta,EEG P3,19.252327446607442,27.029008089695424,4.273703433596713,0.00014044366357764772,0.7223877280704264,True
theta,EEG P4,22.49449143335601,31.768437561801274,4.248460388949749,0.00015126389968167826,0.7181208747532898,True
theta,EEG Pz,20.59446675661472,36.18876567966059,3.4145071880453055,0.0016316055116798467,0.5771570555555185,True
theta,EEG Fz,-10.38056204469303,48.04955375152077,-1.2962320647189551,0.20337790639419995,-0.21910320892255095,False
alpha,EEG P3,33.55573233662375,56.793619561207905,3.5450178307927596,0.0011373592022076227,0.5992173805565915,True
alpha,EEG P4,29.492849710280822,66.31802537011167,2.6683107235794794,0.011473102977316744,0.45102683219418477,True
alpha,EEG Pz,32.781411586860685,66.74089666350231,2.9470456549728143,0.005677022851479383,0.49814163483589247,True
alpha,EEG Fz,21.863835818471316,42.93142141163571,3.055641080527405,0.004279121512869806,0.5164976120261955,True
